pose_cap_00,pose_cap_01,pose_cap_02,pose_cap_03,pose_cap_10,pose_cap_11,pose_cap_12,pose_cap_13,pose_cap_20,pose_cap_21,pose_cap_22,pose_cap_23,pose_cap_30,pose_cap_31,pose_cap_32,pose_cap_33
1.0,0.0,0.0,0.0,0.0,1.0,0.0,0.0,0.0,0.0,1.0,0.0,0.0,0.0,0.0,1.0
0.9997696274579251,0.019969669678787067,0.007867928924565426,-0.020834370383420397,-0.019971503462005255,0.9998005376872076,0.0001545633810328356,0.02002159797843761,-0.007863272989601528,-0.000311662143629789,0.9999690354228977,0.012322477336338844,0.0,0.0,0.0,1.0
0.9998389931216144,0.015934216673999958,0.008251580002783362,-0.01849054840850117,-0.015932450235372136,0.9998730313192208,-0.00027976778196274146,0.014447470567160219,-0.008254990191012154,0.00014825484966756678,0.9999659159978648,0.013114933924363914,0.0,0.0,0.0,1.0
