pose_object_00,pose_object_01,pose_object_02,pose_object_03,pose_object_10,pose_object_11,pose_object_12,pose_object_13,pose_object_20,pose_object_21,pose_object_22,pose_object_23,pose_object_30,pose_object_31,pose_object_32,pose_object_33,radius_x,radius_y,radius_z,label
0.935727388203029,-0.08756627387903501,-0.34168172711703443,-0.3070517246066331,0.0,0.9686941612811428,-0.24825716887901364,-0.22309589831870466,0.35272404931722157,0.23230103223783774,0.9064336575031277,0.814565122127533,0.0,0.0,0.0,1.0,0.1946309506491798,0.17901846092210347,0.1,tv
0.9134580954714818,0.022135799785357853,-0.40633030183026675,-0.44910630702438736,0.0,0.9985194036899048,0.054396695255840344,0.060123251479498034,0.40693280503986545,-0.04968910164834251,0.9121056327859002,1.0081266164779663,0.0,0.0,0.0,1.0,0.06922943042720886,0.03246355703319925,0.1,mouse
